{
  "id": "5217f1e5-e2e6-4b60-b4fb-27d54d28592f",
  "name": "Goal Orchestrator Local",
  "values": [
    {
      "key": "baseUrl",
      "value": "http://localhost:4000",
      "enabled": true
    },
    {
      "key": "authToken",
      "value": "",
      "enabled": true
    },
    {
      "key": "goalId",
      "value": "",
      "enabled": true
    },
    {
      "key": "taskId",
      "value": "",
      "enabled": true
    }
  ],
  "_postman_variable_scope": "environment",
  "_postman_exported_at": "2025-10-09T00:00:00.000Z",
  "_postman_exported_using": "Postman/11.13"
}
