{
  "info": {
    "name": "Goal Orchestrator API",
    "schema": "https://schema.getpostman.com/json/collection/v2.1.0/collection.json",
    "description": "Postman collection covering authentication, goals, tasks, agent automation, and dashboard endpoints for the Goal Orchestrator backend."
  },
  "item": [
    {
      "name": "Auth",
      "item": [
        {
          "name": "Signup",
          "request": {
            "method": "POST",
            "header": [
              {
                "key": "Content-Type",
                "value": "application/json"
              }
            ],
            "url": {
              "raw": "{{baseUrl}}/api/auth/signup",
              "host": [
                "{{baseUrl}}"
              ],
              "path": [
                "api",
                "auth",
                "signup"
              ]
            },
            "body": {
              "mode": "raw",
              "raw": "{\n  \"name\": \"Demo User\",\n  \"email\": \"demo@example.com\",\n  \"password\": \"Password123!\"\n}"
            }
          },
          "response": []
        },
        {
          "name": "Login",
          "request": {
            "method": "POST",
            "header": [
              {
                "key": "Content-Type",
                "value": "application/json"
              }
            ],
            "url": {
              "raw": "{{baseUrl}}/api/auth/login",
              "host": [
                "{{baseUrl}}"
              ],
              "path": [
                "api",
                "auth",
                "login"
              ]
            },
            "body": {
              "mode": "raw",
              "raw": "{\n  \"email\": \"demo@example.com\",\n  \"password\": \"Password123!\"\n}"
            }
          },
          "event": [
            {
              "listen": "test",
              "script": {
                "exec": [
                  "let token;",
                  "try {",
                  "  const json = pm.response.json();",
                  "  token = json?.token || json?.data?.token;",
                  "} catch (err) {",
                  "  console.warn('Login response not JSON');",
                  "}",
                  "if (token) {",
                  "  pm.environment.set('authToken', token);",
                  "  console.log('authToken set in environment');",
                  "} else {",
                  "  console.warn('authToken missing from response');",
                  "}"
                ],
                "type": "text/javascript"
              }
            }
          ],
          "response": []
        },
        {
          "name": "Me",
          "request": {
            "method": "GET",
            "header": [
              {
                "key": "Authorization",
                "value": "Bearer {{authToken}}"
              }
            ],
            "url": {
              "raw": "{{baseUrl}}/api/auth/me",
              "host": [
                "{{baseUrl}}"
              ],
              "path": [
                "api",
                "auth",
                "me"
              ]
            }
          },
          "response": []
        }
      ]
    },
    {
      "name": "Goals",
      "item": [
        {
          "name": "Create Goal",
          "request": {
            "method": "POST",
            "header": [
              {
                "key": "Authorization",
                "value": "Bearer {{authToken}}"
              },
              {
                "key": "Content-Type",
                "value": "application/json"
              }
            ],
            "url": {
              "raw": "{{baseUrl}}/api/goals",
              "host": [
                "{{baseUrl}}"
              ],
              "path": [
                "api",
                "goals"
              ]
            },
            "body": {
              "mode": "raw",
              "raw": "{\n  \"title\": \"Plan trip to Salem\",\n  \"description\": \"Figure out travel logistics and budget\",\n  \"category\": \"travel\"\n}"
            }
          },
          "event": [
            {
              "listen": "test",
              "script": {
                "exec": [
                  "try {",
                  "  const json = pm.response.json();",
                  "  const goalId = json?.goal?._id || json?.goalId || json?.data?._id;",
                  "  if (goalId) {",
                  "    pm.environment.set('goalId', goalId);",
                  "    console.log('goalId set to', goalId);",
                  "  } else {",
                  "    console.warn('goalId not found in response');",
                  "  }",
                  "} catch (err) {",
                  "  console.warn('Failed to parse create goal response');",
                  "}"
                ],
                "type": "text/javascript"
              }
            }
          ],
          "response": []
        },
        {
          "name": "Create New Delhi Trip Goal",
          "request": {
            "method": "POST",
            "header": [
              {
                "key": "Authorization",
                "value": "Bearer {{authToken}}"
              },
              {
                "key": "Content-Type",
                "value": "application/json"
              }
            ],
            "url": {
              "raw": "{{baseUrl}}/api/goals",
              "host": [
                "{{baseUrl}}"
              ],
              "path": [
                "api",
                "goals"
              ]
            },
            "body": {
              "mode": "raw",
              "raw": "{\n  \"title\": \"Plan New Delhi getaway\",\n  \"description\": \"Use agentic AI to plan a 3-day New Delhi trip within ₹20,000\",\n  \"metadata\": {\n    \"destination\": \"New Delhi\",\n    \"origin\": \"Chennai\",\n    \"budgetINR\": 20000,\n    \"days\": 3,\n    \"travelDates\": \"2025-11-12 to 2025-11-15\",\n    \"travelers\": 2\n  }\n}"
            }
          },
          "event": [
            {
              "listen": "test",
              "script": {
                "exec": [
                  "try {",
                  "  const json = pm.response.json();",
                  "  const goalId = json?.goal?._id || json?._id || json?.goalId;",
                  "  if (goalId) {",
                  "    pm.environment.set('goalId', goalId);",
                  "    console.log('goalId set from New Delhi request', goalId);",
                  "  } else {",
                  "    console.warn('goalId not found in New Delhi response');",
                  "  }",
                  "} catch (err) {",
                  "  console.warn('Failed to parse New Delhi create goal response');",
                  "}"
                ],
                "type": "text/javascript"
              }
            }
          ],
          "response": []
        },
        {
          "name": "List Goals",
          "request": {
            "method": "GET",
            "header": [
              {
                "key": "Authorization",
                "value": "Bearer {{authToken}}"
              }
            ],
            "url": {
              "raw": "{{baseUrl}}/api/goals",
              "host": [
                "{{baseUrl}}"
              ],
              "path": [
                "api",
                "goals"
              ]
            }
          },
          "response": []
        },
        {
          "name": "Get Goal",
          "request": {
            "method": "GET",
            "header": [
              {
                "key": "Authorization",
                "value": "Bearer {{authToken}}"
              }
            ],
            "url": {
              "raw": "{{baseUrl}}/api/goals/{{goalId}}",
              "host": [
                "{{baseUrl}}"
              ],
              "path": [
                "api",
                "goals",
                "{{goalId}}"
              ]
            }
          },
          "response": []
        },
        {
          "name": "Update Goal",
          "request": {
            "method": "PATCH",
            "header": [
              {
                "key": "Authorization",
                "value": "Bearer {{authToken}}"
              },
              {
                "key": "Content-Type",
                "value": "application/json"
              }
            ],
            "url": {
              "raw": "{{baseUrl}}/api/goals/{{goalId}}",
              "host": [
                "{{baseUrl}}"
              ],
              "path": [
                "api",
                "goals",
                "{{goalId}}"
              ]
            },
            "body": {
              "mode": "raw",
              "raw": "{\n  \"status\": \"in_progress\"\n}"
            }
          },
          "response": []
        },
        {
          "name": "Delete Goal",
          "request": {
            "method": "DELETE",
            "header": [
              {
                "key": "Authorization",
                "value": "Bearer {{authToken}}"
              }
            ],
            "url": {
              "raw": "{{baseUrl}}/api/goals/{{goalId}}",
              "host": [
                "{{baseUrl}}"
              ],
              "path": [
                "api",
                "goals",
                "{{goalId}}"
              ]
            }
          },
          "response": []
        }
      ]
    },
    {
      "name": "Tasks",
      "item": [
        {
          "name": "List Tasks",
          "request": {
            "method": "GET",
            "header": [
              {
                "key": "Authorization",
                "value": "Bearer {{authToken}}"
              }
            ],
            "url": {
              "raw": "{{baseUrl}}/api/goals/{{goalId}}/tasks",
              "host": [
                "{{baseUrl}}"
              ],
              "path": [
                "api",
                "goals",
                "{{goalId}}",
                "tasks"
              ]
            }
          },
          "response": []
        },
        {
          "name": "Create Task",
          "request": {
            "method": "POST",
            "header": [
              {
                "key": "Authorization",
                "value": "Bearer {{authToken}}"
              },
              {
                "key": "Content-Type",
                "value": "application/json"
              }
            ],
            "url": {
              "raw": "{{baseUrl}}/api/goals/{{goalId}}/tasks",
              "host": [
                "{{baseUrl}}"
              ],
              "path": [
                "api",
                "goals",
                "{{goalId}}",
                "tasks"
              ]
            },
            "body": {
              "mode": "raw",
              "raw": "{\n  \"title\": \"Book train tickets\",\n  \"description\": \"Reserve sleeper class tickets to Salem\"\n}"
            }
          },
          "event": [
            {
              "listen": "test",
              "script": {
                "exec": [
                  "try {",
                  "  const json = pm.response.json();",
                  "  const taskId = json?.task?._id || json?.taskId || json?._id;",
                  "  if (taskId) {",
                  "    pm.environment.set('taskId', taskId);",
                  "    console.log('taskId set to', taskId);",
                  "  } else {",
                  "    console.warn('taskId not found in response');",
                  "  }",
                  "} catch (err) {",
                  "  console.warn('Failed to parse create task response');",
                  "}"
                ],
                "type": "text/javascript"
              }
            }
          ],
          "response": []
        },
        {
          "name": "Update Task",
          "request": {
            "method": "PATCH",
            "header": [
              {
                "key": "Authorization",
                "value": "Bearer {{authToken}}"
              },
              {
                "key": "Content-Type",
                "value": "application/json"
              }
            ],
            "url": {
              "raw": "{{baseUrl}}/api/goals/{{goalId}}/tasks/{{taskId}}",
              "host": [
                "{{baseUrl}}"
              ],
              "path": [
                "api",
                "goals",
                "{{goalId}}",
                "tasks",
                "{{taskId}}"
              ]
            },
            "body": {
              "mode": "raw",
              "raw": "{\n  \"status\": \"completed\"\n}"
            }
          },
          "response": []
        },
        {
          "name": "Execute Task",
          "request": {
            "method": "POST",
            "header": [
              {
                "key": "Authorization",
                "value": "Bearer {{authToken}}"
              }
            ],
            "url": {
              "raw": "{{baseUrl}}/api/goals/{{goalId}}/tasks/{{taskId}}/execute",
              "host": [
                "{{baseUrl}}"
              ],
              "path": [
                "api",
                "goals",
                "{{goalId}}",
                "tasks",
                "{{taskId}}",
                "execute"
              ]
            }
          },
          "response": []
        },
        {
          "name": "Delete Task",
          "request": {
            "method": "DELETE",
            "header": [
              {
                "key": "Authorization",
                "value": "Bearer {{authToken}}"
              }
            ],
            "url": {
              "raw": "{{baseUrl}}/api/goals/{{goalId}}/tasks/{{taskId}}",
              "host": [
                "{{baseUrl}}"
              ],
              "path": [
                "api",
                "goals",
                "{{goalId}}",
                "tasks",
                "{{taskId}}"
              ]
            }
          },
          "response": []
        }
      ]
    },
    {
      "name": "Agent",
      "item": [
        {
          "name": "Run Goal Automation",
          "request": {
            "method": "POST",
            "header": [
              {
                "key": "Authorization",
                "value": "Bearer {{authToken}}"
              },
              {
                "key": "Content-Type",
                "value": "application/json"
              }
            ],
            "url": {
              "raw": "{{baseUrl}}/api/goals/{{goalId}}/agent/run",
              "host": [
                "{{baseUrl}}"
              ],
              "path": [
                "api",
                "goals",
                "{{goalId}}",
                "agent",
                "run"
              ]
            },
            "body": {
              "mode": "raw",
              "raw": "{\n  \"agentModel\": \"phi3\",\n  \"maxIterations\": 5\n}"
            }
          },
          "response": []
        }
      ]
    },
    {
      "name": "Dashboard",
      "item": [
        {
          "name": "Get Stats",
          "request": {
            "method": "GET",
            "header": [
              {
                "key": "Authorization",
                "value": "Bearer {{authToken}}"
              }
            ],
            "url": {
              "raw": "{{baseUrl}}/api/dashboard/stats",
              "host": [
                "{{baseUrl}}"
              ],
              "path": [
                "api",
                "dashboard",
                "stats"
              ]
            }
          },
          "response": []
        }
      ]
    }
  ],
  "variable": [
    {
      "key": "baseUrl",
      "value": "http://localhost:4000"
    },
    {
      "key": "authToken",
      "value": "",
      "type": "string"
    },
    {
      "key": "goalId",
      "value": "",
      "type": "string"
    },
    {
      "key": "taskId",
      "value": "",
      "type": "string"
    }
  ]
}
